timestamp,Temperature,RH,Ws,Rain,FFMC,DMC,DC,ISI,BUI,prediction,result,fire_probability,risk_level,confidence,random_forest_prediction,random_forest_probability,xgboost_prediction,xgboost_probability,model_agreement,latency_ms
2026-09-25T21:45:10.381278,35.0,30.0,15.0,0.0,85.0,25.0,100.0,8.0,30.0,1,Fire,0.9930531873967912,VERY HIGH,0.9930531873967912,1,0.9988888888888887,1,0.9872174859046936,True,416.53
2026-09-25T21:45:30.914100,35.0,30.0,15.0,0.0,50.0,25.0,10.0,5.0,30.0,1,Fire,0.6299787305372733,HIGH,0.6299787305372733,0,0.4894259259259259,1,0.7705315351486206,False,417.29
2026-09-25T21:45:42.896958,35.0,30.0,15.0,0.0,50.0,25.0,10.0,6.0,30.0,1,Fire,0.6299787305372733,HIGH,0.6299787305372733,0,0.4894259259259259,1,0.7705315351486206,False,373.6
2026-09-25T21:45:48.358243,35.0,30.0,15.0,0.0,50.0,25.0,10.0,6.0,30.0,1,Fire,0.6299787305372733,HIGH,0.6299787305372733,0,0.4894259259259259,1,0.7705315351486206,False,243.68
2026-09-25T21:45:57.947987,35.0,30.0,15.0,0.0,20.0,25.0,10.0,6.0,30.0,1,Fire,0.6299787305372733,HIGH,0.6299787305372733,0,0.4894259259259259,1,0.7705315351486206,False,354.68
2026-09-25T21:45:59.767416,35.0,30.0,15.0,0.0,20.0,25.0,10.0,6.0,30.0,1,Fire,0.6299787305372733,HIGH,0.6299787305372733,0,0.4894259259259259,1,0.7705315351486206,False,338.86
2026-09-25T21:46:06.323476,35.0,30.0,15.0,0.0,1.0,25.0,10.0,6.0,30.0,1,Fire,0.6299787305372733,HIGH,0.6299787305372733,0,0.4894259259259259,1,0.7705315351486206,False,373.2
2026-09-25T21:46:07.878722,35.0,30.0,15.0,0.0,1.0,25.0,10.0,6.0,30.0,1,Fire,0.6299787305372733,HIGH,0.6299787305372733,0,0.4894259259259259,1,0.7705315351486206,False,336.15
2026-09-25T21:46:09.843701,35.0,30.0,15.0,0.0,1.0,25.0,10.0,6.0,30.0,1,Fire,0.6299787305372733,HIGH,0.6299787305372733,0,0.4894259259259259,1,0.7705315351486206,False,338.5
2026-09-25T21:46:14.636006,35.0,30.0,15.0,0.0,0.0,25.0,10.0,6.0,30.0,1,Fire,0.6299787305372733,HIGH,0.6299787305372733,0,0.4894259259259259,1,0.7705315351486206,False,385.96
2026-09-25T21:46:18.919881,35.0,30.0,15.0,0.0,0.0,2.0,1.0,6.0,3.0,1,Fire,0.5807207158848091,MEDIUM,0.5807207158848091,0,0.4288148148148148,1,0.7326266169548035,False,396.12
2026-09-25T21:46:23.562107,35.0,30.0,15.0,0.0,0.0,2.0,1.0,6.0,3.0,1,Fire,0.5807207158848091,MEDIUM,0.5807207158848091,0,0.4288148148148148,1,0.7326266169548035,False,382.27
2026-09-25T21:46:28.302041,35.0,30.0,15.0,0.0,0.0,2.0,1.0,9.0,3.0,1,Fire,0.5807207158848091,MEDIUM,0.5807207158848091,0,0.4288148148148148,1,0.7326266169548035,False,345.15
2026-09-25T21:46:29.850644,35.0,30.0,15.0,0.0,0.0,2.0,1.0,9.0,3.0,1,Fire,0.5807207158848091,MEDIUM,0.5807207158848091,0,0.4288148148148148,1,0.7326266169548035,False,380.95
2026-09-25T21:46:35.184181,35.0,30.0,15.0,0.0,0.0,2.0,1.0,21.0,3.0,1,Fire,0.5807207158848091,MEDIUM,0.5807207158848091,0,0.4288148148148148,1,0.7326266169548035,False,376.12
2026-09-25T21:46:39.633862,35.0,30.0,15.0,0.0,100.0,2.0,1.0,21.0,3.0,1,Fire,0.8767612679534489,VERY HIGH,0.8767612679534489,1,0.7757777777777778,1,0.9777447581291199,True,386.47
2026-09-25T21:46:47.549750,35.0,30.0,15.0,0.0,100.0,20.0,100.0,21.0,30.0,1,Fire,0.9936087429523468,VERY HIGH,0.9936087429523468,1,1.0,1,0.9872174859046936,True,382.37
2026-09-25T21:46:50.564487,35.0,30.0,15.0,0.0,100.0,20.0,100.0,21.0,300.0,1,Fire,0.9936087429523468,VERY HIGH,0.9936087429523468,1,1.0,1,0.9872174859046936,True,354.46
2026-09-25T21:46:53.918633,35.0,30.0,15.0,0.0,100.0,20.0,100.0,21.0,30.0,1,Fire,0.9936087429523468,VERY HIGH,0.9936087429523468,1,1.0,1,0.9872174859046936,True,339.89
2026-09-25T21:47:03.238578,35.0,30.0,15.0,0.0,100.0,20.0,100.0,21.0,30.0,1,Fire,0.9936087429523468,VERY HIGH,0.9936087429523468,1,1.0,1,0.9872174859046936,True,369.96
2026-09-25T21:47:04.900690,35.0,30.0,15.0,0.0,100.0,20.0,100.0,21.0,30.0,1,Fire,0.9936087429523468,VERY HIGH,0.9936087429523468,1,1.0,1,0.9872174859046936,True,351.37
2026-09-25T21:47:08.043875,35.0,30.0,15.0,0.0,100.0,20.0,100.0,21.0,30.0,1,Fire,0.9936087429523468,VERY HIGH,0.9936087429523468,1,1.0,1,0.9872174859046936,True,339.83
2026-09-25T21:47:10.239004,35.0,30.0,15.0,0.0,100.0,20.0,100.0,21.0,30.0,1,Fire,0.9936087429523468,VERY HIGH,0.9936087429523468,1,1.0,1,0.9872174859046936,True,352.74
2026-09-25T21:51:57.349838,35.0,30.0,15.0,0.0,85.0,25.0,100.0,8.0,30.0,1,Fire,0.9930531873967913,VERY HIGH,0.9930531873967913,1,0.9988888888888889,1,0.9872174859046936,True,392.24
2026-09-26T10:10:54.426440,35.0,30.0,15.0,0.0,85.0,25.0,100.0,8.0,30.0,1,Fire,0.9930531873967912,VERY HIGH,0.9930531873967912,1,0.9988888888888887,1,0.9872174859046936,True,319.82
2026-09-26T10:36:23.569678,40.0,30.0,15.0,0.0,85.0,25.0,100.0,8.0,30.0,1,Fire,0.9930531873967912,VERY HIGH,0.9930531873967912,1,0.9988888888888887,1,0.9872174859046936,True,324.08
2026-09-26T10:36:29.086309,40.0,30.0,15.0,0.0,50.0,25.0,100.0,8.0,30.0,1,Fire,0.680475295163967,HIGH,0.680475295163967,1,0.5359259259259259,1,0.8250246644020081,True,232.28
2026-09-26T10:36:39.580552,40.0,30.0,15.0,0.0,100.0,25.0,100.0,8.0,30.0,1,Fire,0.9930531873967912,VERY HIGH,0.9930531873967912,1,0.9988888888888887,1,0.9872174859046936,True,309.87
2026-09-26T10:37:55.852583,4.0,30.0,15.0,0.0,100.0,25.0,100.0,8.0,30.0,1,Fire,0.9898031873967912,VERY HIGH,0.9898031873967912,1,0.9923888888888888,1,0.9872174859046936,True,1231.58
2026-09-26T10:38:18.743680,4.0,30.0,15.0,0.0,100.0,25.0,100.0,5.0,30.0,1,Fire,0.9898031873967912,VERY HIGH,0.9898031873967912,1,0.9923888888888888,1,0.9872174859046936,True,260.35
2026-09-26T10:38:26.797222,4.0,30.0,15.0,0.0,50.0,25.0,100.0,5.0,30.0,1,Fire,0.6856141840528559,HIGH,0.6856141840528559,1,0.5462037037037037,1,0.8250246644020081,True,355.15
2026-09-26T10:38:46.020683,4.0,30.0,15.0,0.0,20.0,25.0,100.0,5.0,30.0,1,Fire,0.685614184052856,HIGH,0.685614184052856,1,0.5462037037037039,1,0.8250246644020081,True,240.24
2026-09-26T10:38:51.046488,4.0,30.0,15.0,0.0,20.0,25.0,100.0,4.0,30.0,1,Fire,0.6856141840528559,HIGH,0.6856141840528559,1,0.5462037037037037,1,0.8250246644020081,True,1127.9
2026-09-26T10:38:51.824397,4.0,30.0,15.0,0.0,20.0,25.0,100.0,4.0,30.0,1,Fire,0.6856141840528559,HIGH,0.6856141840528559,1,0.5462037037037037,1,0.8250246644020081,True,542.98
2026-09-26T10:39:01.372914,4.0,30.0,15.0,0.0,20.0,25.0,50.0,4.0,20.0,1,Fire,0.6837808507195225,HIGH,0.6837808507195225,1,0.542537037037037,1,0.8250246644020081,True,1007.45
2026-09-26T10:39:01.949923,4.0,30.0,15.0,0.0,20.0,25.0,50.0,4.0,20.0,1,Fire,0.6837808507195225,HIGH,0.6837808507195225,1,0.542537037037037,1,0.8250246644020081,True,292.89
2026-09-26T10:39:05.373319,4.0,30.0,15.0,0.0,20.0,25.0,50.0,2.0,20.0,0,Not Fire,0.03883076490296258,LOW,0.9611692350970374,0,0.04544444444444445,0,0.03221708536148071,True,716.32
2026-09-26T10:39:13.507670,4.0,30.0,15.0,0.0,50.0,25.0,50.0,2.0,20.0,0,Not Fire,0.03883076490296258,LOW,0.9611692350970374,0,0.04544444444444445,0,0.03221708536148071,True,323.93
2026-09-26T10:39:18.251532,4.0,30.0,15.0,0.0,50.0,25.0,50.0,10.0,20.0,1,Fire,0.6837808507195225,HIGH,0.6837808507195225,1,0.542537037037037,1,0.8250246644020081,True,401.57
2026-09-26T10:40:42.829132,35.0,30.0,15.0,0.0,85.0,25.0,100.0,8.0,30.0,1,Fire,0.9930531873967912,VERY HIGH,0.9930531873967912,1,0.9988888888888887,1,0.9872174859046936,True,298.13
2026-09-26T10:51:03.948194,4.0,30.0,15.0,0.0,50.0,25.0,50.0,10.0,20.0,1,Fire,0.6837808507195225,HIGH,0.6837808507195225,1,0.542537037037037,1,0.8250246644020081,True,240.63
2026-09-26T11:19:22.796844,35.0,30.0,15.0,0.0,85.0,25.0,100.0,8.0,30.0,1,Fire,0.9930531873967912,VERY HIGH,0.9930531873967912,1,0.9988888888888887,1,0.9872174859046936,True,530.67
2026-10-05T08:33:24.042198,35.0,30.0,15.0,0.0,85.0,25.0,100.0,8.0,30.0,1,Fire,0.9930531873967912,VERY HIGH,0.9930531873967912,1,0.9988888888888887,1,0.9872174859046936,True,730.92
